{
  "__comment": "Instructions: https://blakesmods.com/docs/cucumber/tags-config",
  "forge:ingots/bronze": "alltheores:bronze_ingot",
  "forge:ingots/electrum": "alltheores:electrum_ingot",
  "forge:ingots/platinum": "alltheores:platinum_ingot",
  "forge:ingots/nickel": "alltheores:nickel_ingot",
  "forge:ingots/brass": "alltheores:brass_ingot",
  "forge:dusts/saltpeter": "electrodynamics:dustniter",
  "forge:ingots/lead": "alltheores:lead_ingot",
  "forge:ingots/constantan": "alltheores:constantan_ingot",
  "forge:ingots/tungsten": "null",
  "forge:gems/ruby": "alltheores:ruby",
  "forge:gems/sapphire": "alltheores:sapphire",
  "forge:ingots/uranium": "alltheores:uranium_ingot",
  "forge:gems/peridot": "alltheores:peridot",
  "forge:ingots/tin": "electrodynamics:ingottin",
  "forge:dusts/sulfur": "electrodynamics:dustsulfur",
  "forge:ingots/aluminum": "electrodynamics:ingotaluminum",
  "forge:ingots/steel": "alltheores:steel_ingot",
  "forge:rubber": "null",
  "forge:ingots/chrome": "null",
  "forge:ingots/titanium": "electrodynamics:ingottitanium",
  "forge:silicon": "enderio:silicon",
  "forge:dusts/niter": "null",
  "forge:gems/apatite": "null",
  "forge:ingots/mithril": "null",
  "forge:ingots/iridium": "alltheores:iridium_ingot",
  "forge:ingots/zinc": "alltheores:zinc_ingot",
  "forge:ingots/graphite": "null",
  "forge:ingots/invar": "alltheores:invar_ingot",
  "forge:ingots/silver": "alltheores:silver_ingot"
}